date,consumption
1/1/23 0:00,0.0508
1/1/23 0:01,0.0508
1/1/23 0:02,0.0508
1/1/23 0:03,0.0508
1/1/23 0:04,0.0508
1/1/23 0:05,0.0508
1/1/23 0:06,0.462
1/1/23 0:07,0.0507
1/1/23 0:08,0.0507
1/1/23 0:09,0.0507
1/1/23 0:10,0.0507
1/1/23 0:11,0.0507
1/1/23 0:12,0.0507
1/1/23 0:13,0.0507
1/1/23 0:14,0.0507
1/1/23 0:15,0.0507
1/1/23 0:16,0.0507
1/1/23 0:17,0.0507
1/1/23 0:18,0.0507
1/1/23 0:19,0.4574
1/1/23 0:20,0.4574
1/1/23 0:21,0.0505
1/1/23 0:22,0.0505
1/1/23 0:23,0.0505
1/1/23 0:24,0.0505
1/1/23 0:25,0.0505
1/1/23 0:26,0.0505
1/1/23 0:27,0.0505
1/1/23 0:28,0.0505
1/1/23 0:29,0.0505
1/1/23 0:30,0.0505
1/1/23 0:31,0.0505
1/1/23 0:32,0.4592
1/1/23 0:33,0.0501
1/1/23 0:34,0.0501
1/1/23 0:35,0.0501
1/1/23 0:36,0.0501
1/1/23 0:37,0.0501
1/1/23 0:38,0.0501
1/1/23 0:39,0.0501
1/1/23 0:40,0.0501
1/1/23 0:41,0.0501
1/1/23 0:42,0.0501
1/1/23 0:43,0.0501
1/1/23 0:44,0.0501
1/1/23 0:45,0.4588
1/1/23 0:46,0.4588
1/1/23 0:47,0.0921
1/1/23 0:48,0.0921
1/1/23 0:49,0.133
1/1/23 0:50,0.133
1/1/23 0:51,0.133
1/1/23 0:52,0.133
1/1/23 0:53,0.133
1/1/23 0:54,0.133
1/1/23 0:55,0.133
1/1/23 0:56,0.133
1/1/23 0:57,0.133
1/1/23 0:58,0.133
1/1/23 0:59,0.5428
1/1/23 1:00,0.5428
1/1/23 1:01,0.1408
1/1/23 1:02,0.1408
1/1/23 1:03,0.1408
1/1/23 1:04,0.1408
1/1/23 1:05,0.1408
1/1/23 1:06,0.1408
1/1/23 1:07,0.1408
1/1/23 1:08,0.1408
1/1/23 1:09,0.1408
1/1/23 1:10,0.1408
1/1/23 1:11,0.1408
1/1/23 1:12,0.5396
1/1/23 1:13,0.5396
1/1/23 1:14,0.137
1/1/23 1:15,0.137
1/1/23 1:16,0.137
1/1/23 1:17,0.137
1/1/23 1:18,0.137
1/1/23 1:19,0.137
1/1/23 1:20,0.137
1/1/23 1:21,0.0505
1/1/23 1:22,0.0505
1/1/23 1:23,0.0505
1/1/23 1:24,0.0505
1/1/23 1:25,0.0505
1/1/23 1:26,0.4601
1/1/23 1:27,0.4601
1/1/23 1:28,0.0505
1/1/23 1:29,0.0505
1/1/23 1:30,0.0505
1/1/23 1:31,0.0505
1/1/23 1:32,0.0505
1/1/23 1:33,0.0505
1/1/23 1:34,0.0505
1/1/23 1:35,0.0505
1/1/23 1:36,0.0505
1/1/23 1:37,0.0505
1/1/23 1:38,0.0505
1/1/23 1:39,0.0505
1/1/23 1:40,0.4615
1/1/23 1:41,0.06
1/1/23 1:42,0.06
1/1/23 1:43,0.06
1/1/23 1:44,0.06
1/1/23 1:45,0.06
1/1/23 1:46,0.06
1/1/23 1:47,0.06
1/1/23 1:48,0.06
1/1/23 1:49,0.06
1/1/23 1:50,0.06
1/1/23 1:51,0.06
1/1/23 1:52,0.06
1/1/23 1:53,0.06
1/1/23 1:54,0.06
1/1/23 1:55,0.06
1/1/23 1:56,0.06
1/1/23 1:57,0.4608
1/1/23 1:58,0.4608
1/1/23 1:59,0.0501
1/1/23 2:00,0.0501
1/1/23 2:01,0.0501
1/1/23 2:02,0.0501
1/1/23 2:03,0.0501
1/1/23 2:04,0.0501
1/1/23 2:05,0.0501
1/1/23 2:06,0.0501
1/1/23 2:07,0.0501
1/1/23 2:08,0.0501
1/1/23 2:09,0.0501
1/1/23 2:10,0.0501
1/1/23 2:11,0.4615
1/1/23 2:12,0.4615
1/1/23 2:13,0.051
1/1/23 2:14,0.051
1/1/23 2:15,0.051
1/1/23 2:16,0.051
1/1/23 2:17,0.051
1/1/23 2:18,0.051
1/1/23 2:19,0.051
1/1/23 2:20,0.051
1/1/23 2:21,0.051
1/1/23 2:22,0.051
1/1/23 2:23,0.051
1/1/23 2:24,0.4594
1/1/23 2:25,0.4594
1/1/23 2:26,0.0506
1/1/23 2:27,0.0506
1/1/23 2:28,0.0506
1/1/23 2:29,0.0506
1/1/23 2:30,0.0506
1/1/23 2:31,0.0506
1/1/23 2:32,0.0506
1/1/23 2:33,0.10740000000000001
1/1/23 2:34,0.259
1/1/23 2:35,0.259
1/1/23 2:36,0.259
1/1/23 2:37,0.6779
1/1/23 2:38,0.6779
1/1/23 2:39,0.2722
1/1/23 2:40,0.2722
1/1/23 2:41,0.2722
1/1/23 2:42,0.2722
1/1/23 2:43,0.2722
1/1/23 2:44,0.2722
1/1/23 2:45,0.2722
1/1/23 2:46,0.2722
1/1/23 2:47,0.2722
1/1/23 2:48,0.2722
1/1/23 2:49,0.6663
1/1/23 2:50,0.6663
1/1/23 2:51,0.26130000000000003
1/1/23 2:52,0.26130000000000003
1/1/23 2:53,0.26130000000000003
1/1/23 2:54,0.26130000000000003
1/1/23 2:55,0.26130000000000003
1/1/23 2:56,0.26130000000000003
1/1/23 2:57,0.26130000000000003
1/1/23 2:58,0.26130000000000003
1/1/23 2:59,0.26130000000000003
1/1/23 3:00,0.26130000000000003
1/1/23 3:01,0.26130000000000003
1/1/23 3:02,0.26130000000000003
1/1/23 3:03,0.655
1/1/23 3:04,0.655
1/1/23 3:05,0.2511
1/1/23 3:06,0.2511
1/1/23 3:07,0.2511
1/1/23 3:08,0.16440000000000002
1/1/23 3:09,0.16440000000000002
1/1/23 3:10,0.16440000000000002
1/1/23 3:11,0.16440000000000002
1/1/23 3:12,0.16440000000000002
1/1/23 3:13,0.16440000000000002
1/1/23 3:14,0.16440000000000002
1/1/23 3:15,0.16440000000000002
1/1/23 3:16,0.16440000000000002
1/1/23 3:17,0.5671
1/1/23 3:18,0.1598
1/1/23 3:19,0.1598
1/1/23 3:20,0.1598
1/1/23 3:21,0.1598
1/1/23 3:22,0.1598
1/1/23 3:23,0.1598
1/1/23 3:24,0.1598
1/1/23 3:25,0.1598
1/1/23 3:26,0.1598
1/1/23 3:27,0.1598
1/1/23 3:28,0.1598
1/1/23 3:29,0.1598
1/1/23 3:30,0.1598
1/1/23 3:31,0.1598
1/1/23 3:32,0.1598
1/1/23 3:33,0.1598
1/1/23 3:34,0.1598
1/1/23 3:35,0.5631
1/1/23 3:36,0.5631
1/1/23 3:37,0.15619999999999998
1/1/23 3:38,0.15619999999999998
1/1/23 3:39,0.15619999999999998
1/1/23 3:40,0.15619999999999998
1/1/23 3:41,0.15619999999999998
1/1/23 3:42,0.15619999999999998
1/1/23 3:43,0.15619999999999998
1/1/23 3:44,0.15619999999999998
1/1/23 3:45,0.15619999999999998
1/1/23 3:46,0.15619999999999998
1/1/23 3:47,0.15619999999999998
1/1/23 3:48,0.15619999999999998
1/1/23 3:49,0.5575
1/1/23 3:50,0.5575
1/1/23 3:51,0.15309999999999999
1/1/23 3:52,0.15309999999999999
1/1/23 3:53,0.15309999999999999
1/1/23 3:54,0.15309999999999999
1/1/23 3:55,0.15309999999999999
1/1/23 3:56,0.15309999999999999
1/1/23 3:57,0.15309999999999999
1/1/23 3:58,0.15309999999999999
1/1/23 3:59,0.15309999999999999
1/1/23 4:00,0.15309999999999999
1/1/23 4:01,0.15309999999999999
1/1/23 4:02,0.15309999999999999
1/1/23 4:03,0.5575
1/1/23 4:04,0.5575
1/1/23 4:05,0.0504
1/1/23 4:06,0.0504
1/1/23 4:07,0.0504
1/1/23 4:08,0.0504
1/1/23 4:09,0.0504
1/1/23 4:10,0.0504
1/1/23 4:11,0.0504
1/1/23 4:12,0.0504
1/1/23 4:13,0.0504
1/1/23 4:14,0.0504
1/1/23 4:15,0.0504
1/1/23 4:16,0.4614
1/1/23 4:17,0.4614
1/1/23 4:18,0.0505
1/1/23 4:19,0.0505
1/1/23 4:20,0.0505
1/1/23 4:21,0.0902
1/1/23 4:22,0.0902
1/1/23 4:23,0.11109999999999999
1/1/23 4:24,0.11109999999999999
1/1/23 4:25,0.11109999999999999
1/1/23 4:26,0.11109999999999999
1/1/23 4:27,0.11109999999999999
1/1/23 4:28,0.11109999999999999
1/1/23 4:29,0.11109999999999999
1/1/23 4:30,0.5481
1/1/23 4:31,0.5481
1/1/23 4:32,0.1378
1/1/23 4:33,0.1378
1/1/23 4:34,0.1378
1/1/23 4:35,0.1378
1/1/23 4:36,0.1378
1/1/23 4:37,0.1378
1/1/23 4:38,0.1378
1/1/23 4:39,0.1378
1/1/23 4:40,0.1378
1/1/23 4:41,0.1378
1/1/23 4:42,0.1378
1/1/23 4:43,0.5433
1/1/23 4:44,0.5433
1/1/23 4:45,0.135
1/1/23 4:46,0.135
1/1/23 4:47,0.135
1/1/23 4:48,0.135
1/1/23 4:49,0.135
1/1/23 4:50,0.135
1/1/23 4:51,0.135
1/1/23 4:52,0.135
1/1/23 4:53,0.135
1/1/23 4:54,0.0502
1/1/23 4:55,0.0502
1/1/23 4:56,0.4618
1/1/23 4:57,0.0587
1/1/23 4:58,0.0587
1/1/23 4:59,0.0587
1/1/23 5:00,0.0587
1/1/23 5:01,0.0587
1/1/23 5:02,0.0587
1/1/23 5:03,0.0587
1/1/23 5:04,0.0587
1/1/23 5:05,0.0587
1/1/23 5:06,0.0587
1/1/23 5:07,0.0587
1/1/23 5:08,0.0587
1/1/23 5:09,0.4608
1/1/23 5:10,0.4608
1/1/23 5:11,0.05
1/1/23 5:12,0.05
1/1/23 5:13,0.05
1/1/23 5:14,0.05
1/1/23 5:15,0.05
1/1/23 5:16,0.05
1/1/23 5:17,0.05
1/1/23 5:18,0.05
1/1/23 5:19,0.05
1/1/23 5:20,0.05
1/1/23 5:21,0.05
1/1/23 5:22,0.4611
1/1/23 5:23,0.4611
1/1/23 5:24,0.0502
1/1/23 5:25,0.0502
1/1/23 5:26,0.0502
1/1/23 5:27,0.0502
1/1/23 5:28,0.0502
1/1/23 5:29,0.0502
1/1/23 5:30,0.0502
1/1/23 5:31,0.0502
1/1/23 5:32,0.0502
1/1/23 5:33,0.0502
1/1/23 5:34,0.0502
1/1/23 5:35,0.0502
1/1/23 5:36,0.4616
1/1/23 5:37,0.4616
1/1/23 5:38,0.0501
1/1/23 5:39,0.0969
1/1/23 5:40,0.0969
1/1/23 5:41,0.0969
1/1/23 5:42,0.1057
1/1/23 5:43,0.1352
1/1/23 5:44,0.1352
1/1/23 5:45,0.1352
1/1/23 5:46,0.1352
1/1/23 5:47,0.1352
1/1/23 5:48,0.1352
1/1/23 5:49,0.1352
1/1/23 5:50,0.5435
1/1/23 5:51,0.1361
1/1/23 5:52,0.1361
1/1/23 5:53,0.1361
1/1/23 5:54,0.1361
1/1/23 5:55,0.1361
1/1/23 5:56,0.1361
1/1/23 5:57,0.1361
1/1/23 5:58,0.1361
1/1/23 5:59,0.1361
1/1/23 6:00,0.1361
1/1/23 6:01,0.1361
1/1/23 6:02,0.1361
1/1/23 6:03,0.5407000000000001
1/1/23 6:04,0.5407000000000001
1/1/23 6:05,0.1325
1/1/23 6:06,0.1325
1/1/23 6:07,0.1325
1/1/23 6:08,0.1325
1/1/23 6:09,0.0499
1/1/23 6:10,0.0499
1/1/23 6:11,0.0499
1/1/23 6:12,0.0499
1/1/23 6:13,0.0499
1/1/23 6:14,0.0499
1/1/23 6:15,0.0499
1/1/23 6:16,0.0499
1/1/23 6:17,0.4614
1/1/23 6:18,0.0501
1/1/23 6:19,0.0501
1/1/23 6:20,0.0501
1/1/23 6:21,0.0501
1/1/23 6:22,0.0501
1/1/23 6:23,0.0501
1/1/23 6:24,0.0501
1/1/23 6:25,0.0501
1/1/23 6:26,0.0501
1/1/23 6:27,0.0501
1/1/23 6:28,0.0501
1/1/23 6:29,0.0501
1/1/23 6:30,0.0501
1/1/23 6:31,0.4639
1/1/23 6:32,0.4639
1/1/23 6:33,0.0501
1/1/23 6:34,0.0501
1/1/23 6:35,0.0501
1/1/23 6:36,0.0501
1/1/23 6:37,0.0501
1/1/23 6:38,0.0501
1/1/23 6:39,0.0501
1/1/23 6:40,0.0501
1/1/23 6:41,0.0501
1/1/23 6:42,0.0501
1/1/23 6:43,0.0501
1/1/23 6:44,0.0501
1/1/23 6:45,0.461
1/1/23 6:46,0.461
1/1/23 6:47,0.0505
1/1/23 6:48,0.0505
1/1/23 6:49,0.0505
1/1/23 6:50,0.0505
1/1/23 6:51,0.0505
1/1/23 6:52,0.0505
1/1/23 6:53,0.2223
1/1/23 6:54,0.2223
1/1/23 6:55,0.2223
1/1/23 6:56,0.2223
1/1/23 6:57,0.2223
1/1/23 6:58,0.6407999999999999
1/1/23 6:59,0.6407999999999999
1/1/23 7:00,0.21459999999999999
1/1/23 7:01,0.21459999999999999
1/1/23 7:02,0.21459999999999999
1/1/23 7:03,0.21459999999999999
1/1/23 7:04,0.21459999999999999
1/1/23 7:05,0.21459999999999999
1/1/23 7:06,0.21459999999999999
1/1/23 7:07,0.21459999999999999
1/1/23 7:08,0.21459999999999999
1/1/23 7:09,0.21459999999999999
1/1/23 7:10,0.662
1/1/23 7:11,0.662
1/1/23 7:12,0.2535
1/1/23 7:13,0.2535
1/1/23 7:14,0.2535
1/1/23 7:15,0.2535
1/1/23 7:16,0.2535
1/1/23 7:17,0.2535
1/1/23 7:18,0.2535
1/1/23 7:19,0.2535
1/1/23 7:20,0.2535
1/1/23 7:21,0.2535
1/1/23 7:22,0.2535
1/1/23 7:23,0.2535
1/1/23 7:24,0.6521
1/1/23 7:25,0.6521
1/1/23 7:26,0.2455
1/1/23 7:27,0.2455
1/1/23 7:28,0.16440000000000002
1/1/23 7:29,0.16440000000000002
1/1/23 7:30,0.16440000000000002
1/1/23 7:31,0.16440000000000002
1/1/23 7:32,0.16440000000000002
1/1/23 7:33,0.16440000000000002
1/1/23 7:34,0.16440000000000002
1/1/23 7:35,0.16440000000000002
1/1/23 7:36,0.16440000000000002
1/1/23 7:37,0.57
1/1/23 7:38,0.57
1/1/23 7:39,0.1598
1/1/23 7:40,0.1598
1/1/23 7:41,0.1598
1/1/23 7:42,0.1598
1/1/23 7:43,0.1598
1/1/23 7:44,0.1598
1/1/23 7:45,0.1598
1/1/23 7:46,0.1598
1/1/23 7:47,0.1598
1/1/23 7:48,0.1598
1/1/23 7:49,0.1598
1/1/23 7:50,0.1598
1/1/23 7:51,0.5679
1/1/23 7:52,0.5679
1/1/23 7:53,0.1566
1/1/23 7:54,0.1566
1/1/23 7:55,0.1566
1/1/23 7:56,0.1566
1/1/23 7:57,0.1566
1/1/23 7:58,0.1566
1/1/23 7:59,0.1566
1/1/23 8:00,0.1566
1/1/23 8:01,0.1566
1/1/23 8:02,0.1566
1/1/23 8:03,0.1566
1/1/23 8:04,0.5622999999999999
1/1/23 8:05,0.5622999999999999
1/1/23 8:06,0.15469999999999998
1/1/23 8:07,0.15469999999999998
1/1/23 8:08,0.15469999999999998
1/1/23 8:09,0.15469999999999998
1/1/23 8:10,0.15469999999999998
1/1/23 8:11,0.15469999999999998
1/1/23 8:12,0.15469999999999998
1/1/23 8:13,0.15469999999999998
1/1/23 8:14,0.15469999999999998
1/1/23 8:15,0.15469999999999998
1/1/23 8:16,0.15469999999999998
1/1/23 8:17,0.6062000000000001
1/1/23 8:18,0.6062000000000001
1/1/23 8:19,0.1886
1/1/23 8:20,0.1886
1/1/23 8:21,0.1388
1/1/23 8:22,0.1388
1/1/23 8:23,0.1388
1/1/23 8:24,0.1388
1/1/23 8:25,0.1388
1/1/23 8:26,0.1388
1/1/23 8:27,0.1388
1/1/23 8:28,0.1388
1/1/23 8:29,0.1388
1/1/23 8:30,0.1388
1/1/23 8:31,0.5396
1/1/23 8:32,0.5396
1/1/23 8:33,0.1331
1/1/23 8:34,0.1331
1/1/23 8:35,0.1331
1/1/23 8:36,0.2278
1/1/23 8:37,0.2278
1/1/23 8:38,0.2278
1/1/23 8:39,0.2278
1/1/23 8:40,0.2278
1/1/23 8:41,0.2278
1/1/23 8:42,0.2278
1/1/23 8:43,0.2278
1/1/23 8:44,0.2278
1/1/23 8:45,0.6297
1/1/23 8:46,0.2283
1/1/23 8:47,0.2283
1/1/23 8:48,0.2283
1/1/23 8:49,0.2283
1/1/23 8:50,0.2283
1/1/23 8:51,0.2283
1/1/23 8:52,0.2283
1/1/23 8:53,0.2283
1/1/23 8:54,0.2283
1/1/23 8:55,0.2283
1/1/23 8:56,0.2283
1/1/23 8:57,0.2283
1/1/23 8:58,0.2283
1/1/23 8:59,0.2283
1/1/23 9:00,0.2283
1/1/23 9:01,0.2283
1/1/23 9:02,0.2283
1/1/23 9:03,0.2283
1/1/23 9:04,0.6297999999999999
1/1/23 9:05,0.6297999999999999
1/1/23 9:06,0.2284
1/1/23 9:07,0.2284
1/1/23 9:08,0.2284
1/1/23 9:09,0.0499
1/1/23 9:10,0.0499
1/1/23 9:11,0.0499
1/1/23 9:12,0.0499
1/1/23 9:13,0.0499
1/1/23 9:14,0.0499
1/1/23 9:15,0.0499
1/1/23 9:16,0.0499
1/1/23 9:17,0.1034
1/1/23 9:18,0.5014
1/1/23 9:19,0.1221
1/1/23 9:20,0.1561
1/1/23 9:21,0.1561
1/1/23 9:22,0.1561
1/1/23 9:23,0.1561
1/1/23 9:24,0.1561
1/1/23 9:25,0.1561
1/1/23 9:26,0.1561
1/1/23 9:27,0.1561
1/1/23 9:28,0.1561
1/1/23 9:29,0.1561
1/1/23 9:30,0.5574
1/1/23 9:31,0.5574
1/1/23 9:32,0.14959999999999998
1/1/23 9:33,0.14959999999999998
1/1/23 9:34,0.14959999999999998
1/1/23 9:35,0.14959999999999998
1/1/23 9:36,0.14959999999999998
1/1/23 9:37,0.14959999999999998
1/1/23 9:38,0.14959999999999998
1/1/23 9:39,0.14959999999999998
1/1/23 9:40,0.14959999999999998
1/1/23 9:41,0.14959999999999998
1/1/23 9:42,0.14959999999999998
1/1/23 9:43,0.14959999999999998
1/1/23 9:44,0.5515
1/1/23 9:45,0.5515
1/1/23 9:46,0.1444
1/1/23 9:47,0.1444
1/1/23 9:48,0.1444
1/1/23 9:49,0.1444
1/1/23 9:50,0.1444
1/1/23 9:51,0.1444
1/1/23 9:52,0.1444
1/1/23 9:53,0.1444
1/1/23 9:54,0.1444
1/1/23 9:55,0.1444
1/1/23 9:56,0.1444
1/1/23 9:57,0.1444
1/1/23 9:58,0.1444
1/1/23 9:59,0.1444
1/1/23 10:00,0.5468
1/1/23 10:01,0.5468
1/1/23 10:02,0.1393
1/1/23 10:03,0.1393
1/1/23 10:04,0.0498
1/1/23 10:05,0.0498
1/1/23 10:06,0.0498
1/1/23 10:07,0.0498
1/1/23 10:08,0.0498
1/1/23 10:09,0.0498
1/1/23 10:10,0.0498
1/1/23 10:11,0.0498
1/1/23 10:12,0.0498
1/1/23 10:13,0.4577
1/1/23 10:14,0.4577
1/1/23 10:15,0.0498
1/1/23 10:16,0.0498
1/1/23 10:17,0.0498
1/1/23 10:18,0.0498
1/1/23 10:19,0.0498
1/1/23 10:20,0.0498
1/1/23 10:21,0.0498
1/1/23 10:22,0.0498
1/1/23 10:23,0.0498
1/1/23 10:24,0.0498
1/1/23 10:25,0.0498
1/1/23 10:26,0.4582
1/1/23 10:27,0.4582
1/1/23 10:28,0.0496
1/1/23 10:29,0.0496
1/1/23 10:30,0.0496
1/1/23 10:31,0.0496
1/1/23 10:32,0.0496
1/1/23 10:33,0.0496
1/1/23 10:34,0.0496
1/1/23 10:35,0.0496
1/1/23 10:36,0.0496
1/1/23 10:37,0.0496
1/1/23 10:38,0.0496
1/1/23 10:39,0.0496
1/1/23 10:40,0.4579
1/1/23 10:41,0.0494
1/1/23 10:42,0.0494
1/1/23 10:43,0.0494
1/1/23 10:44,0.0494
1/1/23 10:45,0.0494
1/1/23 10:46,0.0494
1/1/23 10:47,0.1085
1/1/23 10:48,0.1085
1/1/23 10:49,0.1085
1/1/23 10:50,0.144
1/1/23 10:51,0.144
1/1/23 10:52,0.144
1/1/23 10:53,0.5437000000000001
1/1/23 10:54,0.5437000000000001
1/1/23 10:55,0.1425
1/1/23 10:56,0.1425
1/1/23 10:57,0.1425
1/1/23 10:58,0.1425
1/1/23 10:59,0.1425
1/1/23 11:00,0.1425
1/1/23 11:01,0.1425
1/1/23 11:02,0.1425
1/1/23 11:03,0.1425
1/1/23 11:04,0.1425
1/1/23 11:05,0.1425
1/1/23 11:06,0.5462
1/1/23 11:07,0.5462
1/1/23 11:08,0.1404
1/1/23 11:09,0.3068
1/1/23 11:10,0.3068
1/1/23 11:11,0.3068
1/1/23 11:12,0.3068
1/1/23 11:13,0.3068
1/1/23 11:14,0.3068
1/1/23 11:15,0.3068
1/1/23 11:16,0.3068
1/1/23 11:17,0.3068
1/1/23 11:18,0.3068
1/1/23 11:19,0.6623
1/1/23 11:20,0.6623
1/1/23 11:21,0.1747
1/1/23 11:22,0.1747
1/1/23 11:23,0.1747
1/1/23 11:24,0.1747
1/1/23 11:25,0.1747
1/1/23 11:26,0.1747
1/1/23 11:27,0.1747
1/1/23 11:28,0.1747
1/1/23 11:29,0.1747
1/1/23 11:30,0.1747
1/1/23 11:31,0.1747
1/1/23 11:32,0.57
1/1/23 11:33,0.57
1/1/23 11:34,0.1673
1/1/23 11:35,0.1673
1/1/23 11:36,0.1673
1/1/23 11:37,0.1673
1/1/23 11:38,0.1673
1/1/23 11:39,0.1673
1/1/23 11:40,0.1673
1/1/23 11:41,0.1673
1/1/23 11:42,0.1673
1/1/23 11:43,0.1673
1/1/23 11:44,0.1673
1/1/23 11:45,0.5669
1/1/23 11:46,0.5669
1/1/23 11:47,0.1626
1/1/23 11:48,0.1626
1/1/23 11:49,0.1626
1/1/23 11:50,0.1626
1/1/23 11:51,0.1626
1/1/23 11:52,0.1626
1/1/23 11:53,0.1626
1/1/23 11:54,0.1626
1/1/23 11:55,0.1626
1/1/23 11:56,0.1626
1/1/23 11:57,0.1626
1/1/23 11:58,0.1626
1/1/23 11:59,0.5594
1/1/23 12:00,0.5594
1/1/23 12:01,0.1575
1/1/23 12:02,0.1575
1/1/23 12:03,0.1575
1/1/23 12:04,0.1575
1/1/23 12:05,0.1575
1/1/23 12:06,0.1575
1/1/23 12:07,0.1575
1/1/23 12:08,0.1575
1/1/23 12:09,0.1575
1/1/23 12:10,0.2028
1/1/23 12:11,0.2028
1/1/23 12:12,0.6291
1/1/23 12:13,0.6291
1/1/23 12:14,0.2442
1/1/23 12:15,0.2442
1/1/23 12:16,0.2442
1/1/23 12:17,0.2442
1/1/23 12:18,0.2442
1/1/23 12:19,0.2442
1/1/23 12:20,0.2442
1/1/23 12:21,0.2442
1/1/23 12:22,0.2442
1/1/23 12:23,0.2442
1/1/23 12:24,0.2442
1/1/23 12:25,0.6393
1/1/23 12:26,0.6393
1/1/23 12:27,0.6393
1/1/23 12:28,0.2386
1/1/23 12:29,0.2386
1/1/23 12:30,0.2386
1/1/23 12:31,0.2386
1/1/23 12:32,0.2386
1/1/23 12:33,0.2386
1/1/23 12:34,0.2386
1/1/23 12:35,0.2386
1/1/23 12:36,0.2386
1/1/23 12:37,0.13419999999999999
1/1/23 12:38,0.13419999999999999
1/1/23 12:39,0.5363
1/1/23 12:40,0.5363
1/1/23 12:41,0.0498
1/1/23 12:42,0.0498
1/1/23 12:43,0.0498
1/1/23 12:44,0.0498
1/1/23 12:45,0.0498
1/1/23 12:46,0.0498
1/1/23 12:47,0.0498
1/1/23 12:48,0.0498
1/1/23 12:49,0.0498
1/1/23 12:50,0.0498
1/1/23 12:51,0.0498
1/1/23 12:52,0.4546
1/1/23 12:53,0.4546
1/1/23 12:54,0.4546
1/1/23 12:55,0.0501
1/1/23 12:56,0.0501
1/1/23 12:57,0.0501
1/1/23 12:58,0.0501
1/1/23 12:59,0.0501
1/1/23 13:00,0.0501
1/1/23 13:01,0.0501
1/1/23 13:02,0.0501
1/1/23 13:03,0.0501
1/1/23 13:04,0.0501
1/1/23 13:05,0.0501
1/1/23 13:06,0.45589999999999997
1/1/23 13:07,0.45589999999999997
1/1/23 13:08,0.0499
1/1/23 13:09,0.0499
1/1/23 13:10,0.0499
1/1/23 13:11,0.0499
1/1/23 13:12,0.0499
1/1/23 13:13,0.0499
1/1/23 13:14,0.0499
1/1/23 13:15,0.0499
1/1/23 13:16,0.0499
1/1/23 13:17,0.0499
1/1/23 13:18,0.0499
1/1/23 13:19,0.0499
1/1/23 13:20,0.0499
1/1/23 13:21,0.0499
1/1/23 13:22,0.0499
1/1/23 13:23,0.4551
1/1/23 13:24,0.0498
1/1/23 13:25,0.0498
1/1/23 13:26,0.0498
1/1/23 13:27,0.0498
1/1/23 13:28,0.096
1/1/23 13:29,0.096
1/1/23 13:30,0.096
1/1/23 13:31,0.12329999999999999
1/1/23 13:32,0.12329999999999999
1/1/23 13:33,0.12329999999999999
1/1/23 13:34,0.12329999999999999
1/1/23 13:35,0.12329999999999999
1/1/23 13:36,0.5407000000000001
1/1/23 13:37,0.5407000000000001
1/1/23 13:38,0.1403
1/1/23 13:39,0.1403
1/1/23 13:40,0.1403
1/1/23 13:41,0.1403
1/1/23 13:42,0.1403
1/1/23 13:43,0.1403
1/1/23 13:44,0.1403
1/1/23 13:45,0.1403
1/1/23 13:46,0.1403
1/1/23 13:47,0.1403
1/1/23 13:48,0.1403
1/1/23 13:49,0.5404
1/1/23 13:50,0.1353
1/1/23 13:51,0.1353
1/1/23 13:52,0.1353
1/1/23 13:53,0.1353
1/1/23 13:54,0.1353
1/1/23 13:55,0.1353
1/1/23 13:56,0.1353
1/1/23 13:57,0.1353
1/1/23 13:58,0.1353
1/1/23 13:59,0.1353
1/1/23 14:00,0.05
1/1/23 14:01,0.4556
1/1/23 14:02,0.4556
1/1/23 14:03,0.0498
1/1/23 14:04,0.0498
1/1/23 14:05,0.0498
1/1/23 14:06,0.0498
1/1/23 14:07,0.0498
1/1/23 14:08,0.0498
1/1/23 14:09,0.0498
1/1/23 14:10,0.0498
1/1/23 14:11,0.0498
1/1/23 14:12,0.0498
1/1/23 14:13,0.0498
1/1/23 14:14,0.0498
1/1/23 14:15,0.45480000000000004
1/1/23 14:16,0.45480000000000004
1/1/23 14:17,0.0502
1/1/23 14:18,0.0502
1/1/23 14:19,0.0502
1/1/23 14:20,0.0502
1/1/23 14:21,0.0502
1/1/23 14:22,0.0502
1/1/23 14:23,0.0502
1/1/23 14:24,0.0502
1/1/23 14:25,0.0502
1/1/23 14:26,0.0502
1/1/23 14:27,0.0502
1/1/23 14:28,0.0502
1/1/23 14:29,0.4515
1/1/23 14:30,0.05
1/1/23 14:31,0.05
1/1/23 14:32,0.05
1/1/23 14:33,0.05
1/1/23 14:34,0.05
1/1/23 14:35,0.05
1/1/23 14:36,0.05
1/1/23 14:37,0.05
1/1/23 14:38,0.05
1/1/23 14:39,0.05
1/1/23 14:40,0.05
1/1/23 14:41,0.05
1/1/23 14:42,0.05
1/1/23 14:43,0.45489999999999997
1/1/23 14:44,0.05
1/1/23 14:45,0.05
1/1/23 14:46,0.05
1/1/23 14:47,0.05
1/1/23 14:48,0.05
1/1/23 14:49,0.05
1/1/23 14:50,0.05
1/1/23 14:51,0.05
1/1/23 14:52,0.05
1/1/23 14:53,0.05
1/1/23 14:54,0.05
1/1/23 14:55,0.05
1/1/23 14:56,0.4552
1/1/23 14:57,0.4552
1/1/23 14:58,0.0501
1/1/23 14:59,0.0501
1/1/23 15:00,0.0501
1/1/23 15:01,0.0501
1/1/23 15:02,0.0501
1/1/23 15:03,0.0501
1/1/23 15:04,0.0501
1/1/23 15:05,0.0501
1/1/23 15:06,0.0501
1/1/23 15:07,0.0501
1/1/23 15:08,0.0501
1/1/23 15:09,0.4522
1/1/23 15:10,0.4522
1/1/23 15:11,0.4522
1/1/23 15:12,0.0504
1/1/23 15:13,0.0504
1/1/23 15:14,0.0504
1/1/23 15:15,0.10940000000000001
1/1/23 15:16,0.10940000000000001
1/1/23 15:17,0.29669999999999996
1/1/23 15:18,0.29669999999999996
1/1/23 15:19,0.29669999999999996
1/1/23 15:20,0.29669999999999996
1/1/23 15:21,0.29669999999999996
1/1/23 15:22,0.29669999999999996
1/1/23 15:23,0.6667000000000001
1/1/23 15:24,0.6667000000000001
1/1/23 15:25,0.26830000000000004
1/1/23 15:26,0.26830000000000004
1/1/23 15:27,0.26830000000000004
1/1/23 15:28,0.26830000000000004
1/1/23 15:29,0.26830000000000004
1/1/23 15:30,0.26830000000000004
1/1/23 15:31,0.26830000000000004
1/1/23 15:32,0.26830000000000004
1/1/23 15:33,0.26830000000000004
1/1/23 15:34,0.26830000000000004
1/1/23 15:35,0.26830000000000004
1/1/23 15:36,0.6563
1/1/23 15:37,0.6563
1/1/23 15:38,0.2576
1/1/23 15:39,0.2576
1/1/23 15:40,0.2576
1/1/23 15:41,0.2576
1/1/23 15:42,0.2576
1/1/23 15:43,0.2576
1/1/23 15:44,0.2576
1/1/23 15:45,0.2576
1/1/23 15:46,0.2576
1/1/23 15:47,0.2576
1/1/23 15:48,0.2576
1/1/23 15:49,0.5649
1/1/23 15:50,0.5649
1/1/23 15:51,0.16490000000000002
1/1/23 15:52,0.16490000000000002
1/1/23 15:53,0.16490000000000002
1/1/23 15:54,0.16490000000000002
1/1/23 15:55,0.16490000000000002
1/1/23 15:56,0.16490000000000002
1/1/23 15:57,0.16490000000000002
1/1/23 15:58,0.16490000000000002
1/1/23 15:59,0.16490000000000002
1/1/23 16:00,0.16490000000000002
1/1/23 16:01,0.16490000000000002
1/1/23 16:02,0.16490000000000002
1/1/23 16:03,0.5589
1/1/23 16:04,0.5589
1/1/23 16:05,0.15930000000000002
1/1/23 16:06,0.15930000000000002
1/1/23 16:07,0.15930000000000002
1/1/23 16:08,0.15930000000000002
1/1/23 16:09,0.15930000000000002
1/1/23 16:10,0.15930000000000002
1/1/23 16:11,0.15930000000000002
1/1/23 16:12,0.15930000000000002
1/1/23 16:13,0.15930000000000002
1/1/23 16:14,0.15930000000000002
1/1/23 16:15,0.2155
1/1/23 16:16,0.2155
1/1/23 16:17,0.6056
1/1/23 16:18,0.21180000000000002
1/1/23 16:19,0.21180000000000002
1/1/23 16:20,0.21180000000000002
1/1/23 16:21,0.21180000000000002
1/1/23 16:22,0.21180000000000002
1/1/23 16:23,0.21180000000000002
1/1/23 16:24,0.21180000000000002
1/1/23 16:25,0.21180000000000002
1/1/23 16:26,0.21180000000000002
1/1/23 16:27,0.21180000000000002
1/1/23 16:28,0.21180000000000002
1/1/23 16:29,0.21180000000000002
1/1/23 16:30,0.6079
1/1/23 16:31,0.21180000000000002
1/1/23 16:32,0.21180000000000002
1/1/23 16:33,0.21180000000000002
1/1/23 16:34,0.21180000000000002
1/1/23 16:35,0.21180000000000002
1/1/23 16:36,0.21180000000000002
1/1/23 16:37,0.21180000000000002
1/1/23 16:38,0.21180000000000002
1/1/23 16:39,0.21180000000000002
1/1/23 16:40,0.21180000000000002
1/1/23 16:41,0.21180000000000002
1/1/23 16:42,0.21180000000000002
1/1/23 16:43,0.6033
1/1/23 16:44,0.6033
1/1/23 16:45,0.21159999999999998
1/1/23 16:46,0.21159999999999998
1/1/23 16:47,0.21159999999999998
1/1/23 16:48,0.21159999999999998
1/1/23 16:49,0.21159999999999998
1/1/23 16:50,0.0514
1/1/23 16:51,0.0514
1/1/23 16:52,0.0514
1/1/23 16:53,0.0514
1/1/23 16:54,0.0514
1/1/23 16:55,0.0514
1/1/23 16:56,0.0514
1/1/23 16:57,0.45380000000000004
1/1/23 16:58,0.6492
1/1/23 16:59,0.2512
1/1/23 17:00,0.2512
1/1/23 17:01,0.2512
1/1/23 17:02,0.2512
1/1/23 17:03,0.2512
1/1/23 17:04,0.2512
1/1/23 17:05,0.2512
1/1/23 17:06,0.2512
1/1/23 17:07,0.2512
1/1/23 17:08,0.2512
1/1/23 17:09,0.2512
1/1/23 17:10,0.2512
1/1/23 17:11,0.6748
1/1/23 17:12,0.6748
1/1/23 17:13,0.2754
1/1/23 17:14,0.2754
1/1/23 17:15,0.2754
1/1/23 17:16,0.2754
1/1/23 17:17,0.2754
1/1/23 17:18,0.2754
1/1/23 17:19,0.2754
1/1/23 17:20,0.2754
1/1/23 17:21,0.2754
1/1/23 17:22,0.2754
1/1/23 17:23,0.2754
1/1/23 17:24,0.6538999999999999
1/1/23 17:25,0.6538999999999999
1/1/23 17:26,0.26
1/1/23 17:27,0.26
1/1/23 17:28,0.26
1/1/23 17:29,0.26
1/1/23 17:30,0.26
1/1/23 17:31,0.26
1/1/23 17:32,0.26
1/1/23 17:33,0.26
1/1/23 17:34,0.1697
1/1/23 17:35,0.1697
1/1/23 17:36,0.1697
1/1/23 17:37,0.1697
1/1/23 17:38,0.5672
1/1/23 17:39,0.5672
1/1/23 17:40,0.1679
1/1/23 17:41,0.1679
1/1/23 17:42,0.1679
1/1/23 17:43,0.1679
1/1/23 17:44,0.1679
1/1/23 17:45,0.1679
1/1/23 17:46,0.1679
1/1/23 17:47,0.1679
1/1/23 17:48,0.1679
1/1/23 17:49,0.1679
1/1/23 17:50,0.1679
1/1/23 17:51,0.1679
1/1/23 17:52,0.5656
1/1/23 17:53,0.1645
1/1/23 17:54,0.1645
1/1/23 17:55,0.1645
1/1/23 17:56,0.1645
1/1/23 17:57,0.1645
1/1/23 17:58,0.1645
1/1/23 17:59,0.1645
1/1/23 18:00,0.1645
1/1/23 18:01,0.1645
1/1/23 18:02,0.1645
1/1/23 18:03,0.1645
1/1/23 18:04,0.5625
1/1/23 18:05,0.5625
1/1/23 18:06,0.16190000000000002
1/1/23 18:07,0.16190000000000002
1/1/23 18:08,0.16190000000000002
1/1/23 18:09,0.16190000000000002
1/1/23 18:10,0.16190000000000002
1/1/23 18:11,0.16190000000000002
1/1/23 18:12,0.16190000000000002
1/1/23 18:13,0.16190000000000002
1/1/23 18:14,0.16190000000000002
1/1/23 18:15,0.16190000000000002
1/1/23 18:16,0.16190000000000002
1/1/23 18:17,0.16190000000000002
1/1/23 18:18,0.5576
1/1/23 18:19,0.5576
1/1/23 18:20,0.15930000000000002
1/1/23 18:21,0.15930000000000002
1/1/23 18:22,0.15930000000000002
1/1/23 18:23,0.15930000000000002
1/1/23 18:24,0.15930000000000002
1/1/23 18:25,0.15930000000000002
1/1/23 18:26,0.15930000000000002
1/1/23 18:27,0.15930000000000002
1/1/23 18:28,0.15930000000000002
1/1/23 18:29,0.15930000000000002
1/1/23 18:30,0.15930000000000002
1/1/23 18:31,0.15930000000000002
1/1/23 18:32,0.5549
1/1/23 18:33,0.5549
1/1/23 18:34,0.15630000000000002
1/1/23 18:35,0.15630000000000002
1/1/23 18:36,0.15630000000000002
1/1/23 18:37,0.15630000000000002
1/1/23 18:38,0.15630000000000002
1/1/23 18:39,0.15630000000000002
1/1/23 18:40,0.15630000000000002
1/1/23 18:41,0.15630000000000002
1/1/23 18:42,0.15630000000000002
1/1/23 18:43,0.2134
1/1/23 18:44,0.2134
1/1/23 18:45,0.6276
1/1/23 18:46,0.6276
1/1/23 18:47,0.2465
1/1/23 18:48,0.2465
1/1/23 18:49,0.2465
1/1/23 18:50,0.2465
1/1/23 18:51,0.2465
1/1/23 18:52,0.2465
1/1/23 18:53,0.2465
1/1/23 18:54,0.2465
1/1/23 18:55,0.2465
1/1/23 18:56,0.2465
1/1/23 18:57,0.2465
1/1/23 18:58,0.2465
1/1/23 18:59,0.2465
1/1/23 19:00,0.64
1/1/23 19:01,0.24259999999999998
1/1/23 19:02,0.24259999999999998
1/1/23 19:03,0.24259999999999998
1/1/23 19:04,0.24259999999999998
1/1/23 19:05,0.1388
1/1/23 19:06,0.1388
1/1/23 19:07,0.1388
1/1/23 19:08,0.1388
1/1/23 19:09,0.1388
1/1/23 19:10,0.1388
1/1/23 19:11,0.1388
1/1/23 19:12,0.1388
1/1/23 19:13,0.5404
1/1/23 19:14,0.5404
1/1/23 19:15,0.1367
1/1/23 19:16,0.1367
1/1/23 19:17,0.1367
1/1/23 19:18,0.0501
1/1/23 19:19,0.0501
1/1/23 19:20,0.0501
1/1/23 19:21,0.0501
1/1/23 19:22,0.0501
1/1/23 19:23,0.0501
1/1/23 19:24,0.0501
1/1/23 19:25,0.0501
1/1/23 19:26,0.0501
1/1/23 19:27,0.0501
1/1/23 19:28,0.45530000000000004
1/1/23 19:29,0.45530000000000004
1/1/23 19:30,0.0511
1/1/23 19:31,0.0511
1/1/23 19:32,0.0511
1/1/23 19:33,0.0511
1/1/23 19:34,0.0511
1/1/23 19:35,0.0511
1/1/23 19:36,0.0511
1/1/23 19:37,0.0511
1/1/23 19:38,0.0511
1/1/23 19:39,0.0511
1/1/23 19:40,0.0511
1/1/23 19:41,0.4565
1/1/23 19:42,0.4565
1/1/23 19:43,0.0506
1/1/23 19:44,0.0506
1/1/23 19:45,0.0506
1/1/23 19:46,0.0506
1/1/23 19:47,0.0506
1/1/23 19:48,0.0506
1/1/23 19:49,0.0506
1/1/23 19:50,0.0506
1/1/23 19:51,0.0506
1/1/23 19:52,0.0506
1/1/23 19:53,0.0506
1/1/23 19:54,0.0506
1/1/23 19:55,0.456
1/1/23 19:56,0.456
1/1/23 19:57,0.0509
1/1/23 19:58,0.0509
1/1/23 19:59,0.0509
1/1/23 20:00,0.0509
1/1/23 20:01,0.0509
1/1/23 20:02,0.0509
1/1/23 20:03,0.0509
1/1/23 20:04,0.0509
1/1/23 20:05,0.0509
1/1/23 20:06,0.0509
1/1/23 20:07,0.0509
1/1/23 20:08,0.0509
1/1/23 20:09,0.45439999999999997
1/1/23 20:10,0.0501
1/1/23 20:11,0.0501
1/1/23 20:12,0.0501
1/1/23 20:13,0.0501
1/1/23 20:14,0.0501
1/1/23 20:15,0.0501
1/1/23 20:16,0.0501
1/1/23 20:17,0.0501
1/1/23 20:18,0.0501
1/1/23 20:19,0.0501
1/1/23 20:20,0.0501
1/1/23 20:21,0.4557
1/1/23 20:22,0.4557
1/1/23 20:23,0.0508
1/1/23 20:24,0.0508
1/1/23 20:25,0.0508
1/1/23 20:26,0.1041
1/1/23 20:27,0.1041
1/1/23 20:28,0.1041
1/1/23 20:29,0.1267
1/1/23 20:30,0.1267
1/1/23 20:31,0.1267
1/1/23 20:32,0.1267
1/1/23 20:33,0.1267
1/1/23 20:34,0.1267
1/1/23 20:35,0.5443
1/1/23 20:36,0.5443
1/1/23 20:37,0.1426
1/1/23 20:38,0.1426
1/1/23 20:39,0.1426
1/1/23 20:40,0.1426
1/1/23 20:41,0.1426
1/1/23 20:42,0.1426
1/1/23 20:43,0.1426
1/1/23 20:44,0.1426
1/1/23 20:45,0.1426
1/1/23 20:46,0.1426
1/1/23 20:47,0.1426
1/1/23 20:48,0.5404
1/1/23 20:49,0.5404
1/1/23 20:50,0.1381
1/1/23 20:51,0.1381
1/1/23 20:52,0.1381
1/1/23 20:53,0.1381
1/1/23 20:54,0.1381
1/1/23 20:55,0.1381
1/1/23 20:56,0.1381
1/1/23 20:57,0.1381
1/1/23 20:58,0.1381
1/1/23 20:59,0.1381
1/1/23 21:00,0.1381
1/1/23 21:01,0.0514
1/1/23 21:02,0.0514
1/1/23 21:03,0.455
1/1/23 21:04,0.455
1/1/23 21:05,0.0509
1/1/23 21:06,0.0509
1/1/23 21:07,0.0509
1/1/23 21:08,0.0509
1/1/23 21:09,0.0509
1/1/23 21:10,0.0509
1/1/23 21:11,0.0509
1/1/23 21:12,0.0509
1/1/23 21:13,0.0509
1/1/23 21:14,0.0509
1/1/23 21:15,0.0509
1/1/23 21:16,0.45139999999999997
1/1/23 21:17,0.45139999999999997
1/1/23 21:18,0.051
1/1/23 21:19,0.051
1/1/23 21:20,0.051
1/1/23 21:21,0.051
1/1/23 21:22,0.051
1/1/23 21:23,0.051
1/1/23 21:24,0.051
1/1/23 21:25,0.051
1/1/23 21:26,0.051
1/1/23 21:27,0.051
1/1/23 21:28,0.051
1/1/23 21:29,0.051
1/1/23 21:30,0.45230000000000004
1/1/23 21:31,0.45230000000000004
1/1/23 21:32,0.055299999999999995
1/1/23 21:33,0.055299999999999995
1/1/23 21:34,0.055299999999999995
1/1/23 21:35,0.055299999999999995
1/1/23 21:36,0.055299999999999995
1/1/23 21:37,0.055299999999999995
1/1/23 21:38,0.055299999999999995
1/1/23 21:39,0.055299999999999995
1/1/23 21:40,0.22
1/1/23 21:41,0.22
1/1/23 21:42,0.22
1/1/23 21:43,0.22
1/1/23 21:44,0.5759
1/1/23 21:45,0.1768
1/1/23 21:46,0.1768
1/1/23 21:47,0.1768
1/1/23 21:48,0.1768
1/1/23 21:49,0.1768
1/1/23 21:50,0.1768
1/1/23 21:51,0.1768
1/1/23 21:52,0.1768
1/1/23 21:53,0.1768
1/1/23 21:54,0.1768
1/1/23 21:55,0.1768
1/1/23 21:56,0.1768
1/1/23 21:57,0.5715
1/1/23 21:58,0.5715
1/1/23 21:59,0.1709
1/1/23 22:00,0.1709
1/1/23 22:01,0.1709
1/1/23 22:02,0.1709
1/1/23 22:03,0.1709
1/1/23 22:04,0.1709
1/1/23 22:05,0.1709
1/1/23 22:06,0.1709
1/1/23 22:07,0.1709
1/1/23 22:08,0.21309999999999998
1/1/23 22:09,0.21309999999999998
1/1/23 22:10,0.21309999999999998
1/1/23 22:11,0.6562
1/1/23 22:12,0.2553
1/1/23 22:13,0.2553
1/1/23 22:14,0.2553
1/1/23 22:15,0.2553
1/1/23 22:16,0.2553
1/1/23 22:17,0.2553
1/1/23 22:18,0.2553
1/1/23 22:19,0.2553
1/1/23 22:20,0.2553
1/1/23 22:21,0.2553
1/1/23 22:22,0.2553
1/1/23 22:23,0.6447999999999999
1/1/23 22:24,0.6447999999999999
1/1/23 22:25,0.2484
1/1/23 22:26,0.2484
1/1/23 22:27,0.2484
1/1/23 22:28,0.2484
1/1/23 22:29,0.2484
1/1/23 22:30,0.2484
1/1/23 22:31,0.2484
1/1/23 22:32,0.2484
1/1/23 22:33,0.2484
1/1/23 22:34,0.2484
1/1/23 22:35,0.2484
1/1/23 22:36,0.2484
1/1/23 22:37,0.6407999999999999
1/1/23 22:38,0.6407999999999999
1/1/23 22:39,0.24309999999999998
1/1/23 22:40,0.24309999999999998
1/1/23 22:41,0.24309999999999998
1/1/23 22:42,0.24309999999999998
1/1/23 22:43,0.1565
1/1/23 22:44,0.1565
1/1/23 22:45,0.1565
1/1/23 22:46,0.1565
1/1/23 22:47,0.1565
1/1/23 22:48,0.1565
1/1/23 22:49,0.1565
1/1/23 22:50,0.1565
1/1/23 22:51,0.5571
1/1/23 22:52,0.5571
1/1/23 22:53,0.1555
1/1/23 22:54,0.1555
1/1/23 22:55,0.1555
1/1/23 22:56,0.1555
1/1/23 22:57,0.1555
1/1/23 22:58,0.1555
1/1/23 22:59,0.1555
1/1/23 23:00,0.1555
1/1/23 23:01,0.1555
1/1/23 23:02,0.1555
1/1/23 23:03,0.1555
1/1/23 23:04,0.5571
1/1/23 23:05,0.5571
1/1/23 23:06,0.5571
1/1/23 23:07,0.1536
1/1/23 23:08,0.1536
1/1/23 23:09,0.1536
1/1/23 23:10,0.1536
1/1/23 23:11,0.0509
1/1/23 23:12,0.0509
1/1/23 23:13,0.0509
1/1/23 23:14,0.0509
1/1/23 23:15,0.0509
1/1/23 23:16,0.0509
1/1/23 23:17,0.0509
1/1/23 23:18,0.0509
1/1/23 23:19,0.45439999999999997
1/1/23 23:20,0.051
1/1/23 23:21,0.051
1/1/23 23:22,0.051
1/1/23 23:23,0.051
1/1/23 23:24,0.051
1/1/23 23:25,0.051
1/1/23 23:26,0.051
1/1/23 23:27,0.051
1/1/23 23:28,0.051
1/1/23 23:29,0.051
1/1/23 23:30,0.051
1/1/23 23:31,0.051
1/1/23 23:32,0.051
1/1/23 23:33,0.4545
1/1/23 23:34,0.051
1/1/23 23:35,0.051
1/1/23 23:36,0.051
1/1/23 23:37,0.051
1/1/23 23:38,0.051
1/1/23 23:39,0.051
1/1/23 23:40,0.051
1/1/23 23:41,0.051
1/1/23 23:42,0.051
1/1/23 23:43,0.051
1/1/23 23:44,0.051
1/1/23 23:45,0.051
1/1/23 23:46,0.051
1/1/23 23:47,0.051
1/1/23 23:48,0.051
1/1/23 23:49,0.10940000000000001
1/1/23 23:50,0.494
1/1/23 23:51,0.1276
1/1/23 23:52,0.1276
1/1/23 23:53,0.1276
1/1/23 23:54,0.1276
1/1/23 23:55,0.1276
1/1/23 23:56,0.1276
1/1/23 23:57,0.1276
1/1/23 23:58,0.1276
1/1/23 23:59,0.1276